<?xml version="1.0" encoding="UTF-8"?>
<jugadores>
    <jugador id="1">
        <nombre>Lionel Messi</nombre>
        <equipo>PSG</equipo>
        <año>2023</año>
        <posición>Delantero</posición>
    </jugador>
    <jugador id="2">
        <nombre>Cristiano Ronaldo</nombre>
        <equipo>Al Nassr</equipo>
        <año>2023</año>
        <posición>Delantero</posición>
    </jugador>
    <jugador id="3">
        <nombre>Kylian Mbappé</nombre>
        <equipo>PSG</equipo>
        <año>2023</año>
        <posición>Delantero</posición>
    </jugador>
    <jugador id="4">
        <nombre>Kevin De Bruyne</nombre>
        <equipo>Manchester City</equipo>
        <año>2023</año>
        <posición>Centrocampista</posición>
    </jugador>
</jugadores>